# Linux链接数据库
- u 库名
- h 地址
- P 端口号
- p 密码

```java
    mysql -u afo -h 127.0.0.1 -P 3306 -p
```

# 数据类型
### 字符串类型

|类型|大小|用途|
|----|-----|-----|
|CHAR	    |0-255字节	       | 定长字符串|
|VARCHAR	|0-65535 字节	   | 变长字符串|
|TINYBLOB	|0-255字节	       | 不超过 255 个字符的二进制字符串|
|TINYTEXT	|0-255字节	       | 短文本字符串|
|BLOB	    |0-65 535字节	    |二进制形式的长文本数据|
|TEXT	    |0-65 535字节	   | 长文本数据|
|MEDIUMBLOB	|0-16 777 215字节	|二进制形式的中等长度文本数据|
|MEDIUMTEXT	|0-16 777 215字节	|中等长度文本数据|
|LONGBLOB	|0-4 294 967 295字节|	二进制形式的极大文本数据|
|LONGTEXT	|0-4 294 967 295字节|	极大文本数据|

```java
MySQL 5.0 以上的版本：
1、一个汉字占多少长度与编码有关：
UTF－8：一个汉字＝3个字节
GBK：一个汉字＝2个字节
2、varchar(n) 表示 n 个字符，无论汉字和英文，Mysql 都能存入 n 个字符，仅是实际字节长度有所区别
 varchar(10) 如果是uff8 汉字可以存10个，但是占的字节是30个字节
3、MySQL 检查长度，可用 SQL 语言来查看：
select LENGTH(fieldname) from tablename
```


# Update 
```mysql
# 替换某些字符
UPDATE table_name SET field = REPLACE(field, 'old-string', 'new-string') WHERE Clause
```

# UNION 语句
UNION 语句：用于将不同表中相同列中查询的数据展示出来；（不包括重复数据）   
UNION ALL 语句：用于将不同表中相同列中查询的数据展示出来；（包括重复数据）    
使用形式如下：    
SELECT 列名称 FROM 表名称 UNION SELECT 列名称 FROM 表名称 ORDER BY 列名称；    
SELECT 列名称 FROM 表名称 UNION ALL SELECT 列名称 FROM 表名称 ORDER BY 列名称；   

[菜鸟教程](https://www.runoob.com/mysql/mysql-union-operation.html)

# ORDER BY
MySQL 排序我们知道从 MySQL 表中使用 SQL SELECT 语句来读取：    
**MySQL 拼音排序**    
如果字符集采用的是 gbk(汉字编码字符集)，直接在查询语句后边添加 ORDER BY：    
```mysql
SELECT *    
FROM runoob_tbl   
ORDER BY runoob_title;    
```
如果字符集采用的是 utf8(万国码)，需要先对字段进行转码然后排序：    
```mysql
SELECT *    
FROM runoob_tbl   
ORDER BY CONVERT(runoob_title using gbk);   
```

# GROUP BY

### 使用 WITH ROLLUP
[菜鸟group by](https://www.runoob.com/mysql/mysql-group-by-statement.html)

WITH ROLLUP 可以实现在分组统计数据基础上再进行相同的统计（SUM,AVG,COUNT…）。    
例如我们将以上的数据表按名字进行分组，再统计每个人登录的次数：  
mysql> SELECT name, SUM(singin) as singin_count FROM  employee_tbl GROUP BY name WITH ROLLUP;   
+--------+--------------+      
| name   | singin_count |      
+--------+--------------+      
| 小丽 |            2 |    
| 小明 |            7 |    
| 小王 |            7 |   
| NULL   |           16 |      
+--------+--------------+   
4 rows in set (0.00 sec)   


其中记录 NULL 表示所有人的登录次数。   
我们可以使用 coalesce 来设置一个可以取代 NUll 的名称，coalesce 语法：   
select coalesce(a,b,c);   
参数说明：如果a==null,则选择b；如果b==null,则选择c；如果a!=null,则选择a；如果a b c 都为null ，则返回为null（没意义）。   
以下实例中如果名字为空我们使用总数代替：   
mysql> SELECT coalesce(name, '总数'), SUM(singin) as singin_count FROM  employee_tbl GROUP BY name WITH ROLLUP;   
+--------------------------+--------------+   
| coalesce(name, '总数') | singin_count |      
+--------------------------+--------------+      
| 小丽                   |            2 |      
| 小明                   |            7 |   
| 小王                   |            7 |   
| 总数                   |           16 |   
+--------------------------+--------------+   
4 rows in set (0.01 sec)   


# join 连表查询
[菜鸟join](https://www.runoob.com/mysql/mysql-join.html)
### INNER JOIN 取并集 

### LEFT JOIN 将左边表全部数据拿出来混合右边数据

### RIGHT JOIN 将右表数据拿出来混合左边数据
